Source id,Sentence en
1,Eclipse also helps in troubleshooting for programmers.
2,"""By faith I say, Speak. And we have the confidence of faith, and the confidence of the Spirit, as it is written."""
3,Then it will automatically search for the driver. I will click on Cancel.
4,"For all iterations, the iterator is set to the index value of each. 1.1 then 1,2 is..."
5,"""And when he had opened the second seal, behold, the second living being came, and I heard a voice."""
6,We learnt that objects are storing their positions in fields.
7,Boy has faith in you all.
8,Observing nature may surprise you.
9,"And his affection toward you aboundeth more and more, when he remembereth how ye disobeyed him, and received him with fear and trembling."
10,"""In a rainfall, a part of the water enters the ground as dry, and then it gathers together and turns into ground water."""
11,They will see the book.
12,Dad came from the library.
13,Go back to the upper limit and click on tabs from 0 to 9.
14,The align and distribute dialog box opens on the right side of the interface.
15,"To set the break point, click on the line number."
16,Here we have done exactly what we did for Borrowed Books.
17,"""The classical period is defined by Patanjali's Yoga Sutra, the first systematic presentation of Yoga."""
18,They all fell.
19,"Apache, MySQL and PHP developed by XAMPP 5.5.19,"
20,"Here, we can enter the title of our document in yoga."
21,The army follows these.
22,1. In which cells are found?
23,"In the launcher, we can add a shortcut."
24,"""The height of the roof should be such that it can be used as storage and not feed the village."""
25,"A variety of modern materials are used in the manufacture of conventional materials such as paper cutters, refrigerators, telescopes etc."
26,You can also kill insects and other insects.
27,Be prepared in every aspect.
28,Boy displays love in you.
29,"""For thou knowest that all the men of Asia have forsaken me: among them are Phugelus and Hermogenes."""
30,"For this explanation, I will read: Indian Journal of Microbiology"
31,"Publisher, Collection title"
32,Place the second step in pairs with the legs.
33,I select the shortcut Brush and select the Gradient (de-select) and select my best characters.
34,"Next, we forward to the successUser page."
35,Trees and plants grow according to other rules.
36,"""Therefore ye are no strangers, nor strangers, but fellow citizens with the saints, and citizens of God."""
37,The tribal dances are usually performed in groups and we wear special garments at this time.
38,"""For there is no difference between Jew and Greek: for there is one Lord of all, who speaketh unto all."""
39,"Therefore, eliminate the harmful plants in your garden area to deal with these problems."
40,"To delete the Basket (Order),"
41,Cooking with moisture - idly.
42,Then Shurpan Khaya got excited by the war and came to battle and killed Khardushana Trishradina and their followers in battle.
43,With this we come to the end of the lesson.
44,These are methods and constructors.
45,Pandavas also chanted.
46,"Read the data from the file, i.e. fp = fopen(Sample.txt, r);"
47,"For details, please write to contact@spoken-tutorial.org."
48,"Now, type the password for Moodle Administrator. Follow the password rules shown here."
49,"When the extract appears, I will rename the FrontAccounting file as account."
50,And all the Gentiles and the people of Israel sat in the assembly.
51,Welcome to Meet the GIMP tutorial.
52,Declare it before using a variable.
53,Let us see the frequency of jdk.
54,"As we can see, Course Category is Mathematics."
55,"Now, let us see how to create a simple Java web project using NetBeans IDE."
56,Hand is the death of Acharya Drona.
57,We are here.
58,"But for convenience, I will just fill in the duck for Full Name and leave the other details empty by pressing Enter."
59,Stand or sit in a comfortable position.
60,"""And as they journeyed, the people spread their garments on the road."""
61,"In the perspective, type INKSCAPE."
62,Type u and press Enter.
63,"Next, let us work through the for loop."
64,Let us see you again next week. Let us meet again.
65,Also clean the place where onions and other foods are placed.
66,"""Suvrat: One who is overwhelmed, overwhelmed, overwhelmed, overwhelmed, overwhelmed, overwhelmed, overwhelmed."""
67,"If you do not have good bandwidth, check it out."
68,Use double sewing and add one sewing together with the other sewing to make the sewing firm.
69,The left side should be in contact with the spine and the right side opposite the spine.
70,Change the name of the layer to CD template.
71,Heals many waterborne diseases.
72,The enemy covers.
73,Right-click on the Databases node in the Services window.
74,An error occurs here.
75,We will stay here.
76,"""And it came to pass, on the eighth day, that they cut off the child's skin, and called his name, according to his father's name, Zacharias."""
77,So the controller goes to displayMessage.
78,We can now add it to the document.
79,The woman is decorating.
80,Why is it necessary to read Geeta today?
81,"""Although there was no success there, some metal of the gold diamond went straight to the surface."""
82,"""Put the knees on the ground, pull the abdomen in and sit back while resting on the elbows, tickling the buttocks."""
83,We will then call the RemoveFromCheckout method.
84,Boy will take suit.
85,"""Nevertheless in the Lord man is without woman, and woman is not without man."""
86,Make a list of sewing tools and sewing specifications by hand.
87,4. The leaves are usually green to make the plants eat.
88,I just click to get out of her vagina.
89,We were making a rectangle.
90,Hanumatha: One who has knowledge of the Sith in Lanka.
91,"In this summary tutorial, we have learnt about subclassing and method overriding."
92,"""And it came to pass, that Demetrius, who made the temples of Artemis silver, and made a profit to all his workmen,"""
93,This tutorial is designed to teach the nutritional and health benefits of various cooking practices and socially functioning foods.
94,Now let us learn how to install the software using Synaptic Package Manager.
95,They can be single cell or multi-cellular.
96,Click on the View this Journal Entry link.
97,Who is the spider?
98,She listens.
99,So - [abc] means that the regular expression is added to a or b or c.
100,"They also had water for cooking, washing clothes and other activities."
101,"""Which no one of the rulers of this age hath known: for if they had known, they would not have crucified the glorious Lord."""
102,We see that we also use food to express nature.
103,"""And he cast them out of the synagogue."""
104,"""But he answered and said unto them, He that hath made me well hath said unto me, Take up thy bed, and walk."""
105,Go to the place where the logo is saved.
106,"The seating positions are Sidhasana, Gomukhasana, Sadhyasana and Myurasana."
107,These are two asanas.
108,Krishna is omniscient.
109,Monkeys deposit fruit.
110,Who are you warriors?
111,Click on the arrange button at the bottom right.
112,They inspire the senses.
113,This was the third time that Jesus appeared to his disciples after he had been raised from the dead.
114,There are many cells in this house.
115,"Now, let us add Service tax. Before that, we have to create a GL Account in Service tax."
116,"In the old tutorial, we have learnt a bit about bookmarks."
117,"Now press Enter. To execute, type dot slash if1 and press Enter."
118,Input/Output functions and Time-stamp functions.
119,"Next, we will parse id to book_id as Integer."
120,"""But in the time when the seventh angel shall sound his trumpet, the mystery of God shall be fulfilled, as he proclaimed unto his servants the prophets."""
121,"But to redirect the error stream, you must use 2 right angle brackets or 2 double right angle brackets."
122,Now we can see their names in user id.
123,"""Vishutvam: One who is the spirit of the triune spirit."""
124,But we can send a maximum of 500 names per day.
125,"This class should have variables representing the details below: Name service area,"
126,You two are friends.
127,Who was Marich?
128,Keep the system running. We can see that the value is zero.
129,"In the sub-field a, Classification number, type 660.62."
130,"Now, let us see some common errors."
131,It improves blood circulation throughout the body.
132,What is an index sequence test in any multidimensional array?
133,Create an odd circle of pink and a circle of black.
134,Error dialog box and Shortcut keys.
135,Let's come here. Let me delete it. Let me add an image.
136,You must have heard the name of DDT.
137,Here we can see that all the write permissions have been removed.
138,Read the License Agreement carefully.
139,It contains the required output for preparing the primary LaTeX text in Windows and TeXworks is the first editor available for MikTeX.
140,We can see block diagrams without any mathematical expression.
141,We both speak.
142,The Internet connection should be close.
143,And the program will be over.
144,"""Using the legs, lower the shoulders above the shoulders."""
145,This simple line is the foundation of your drawing.
146,Krishna establishes the chariot.
147,This is explained in the Spoken Tutorial which I have created on creating equations.
148,The Spoken Tutorial Project is part of the Talk to a Teacher project.
149,Koha automatically selects the Spoken Tutorial Library.
150,"""And all that sat in the council gazed on him, and saw his face as the face of an angel."""
151,Go to the browser and open your Moodle set.
152,You can type in your journal title.
153,And these keys are used with other selection tools.
154,More information on this mission is available at this link.
155,"However, do not use Internet Explorer as it does not display properly."
156,"In the prompt, type the date space plus percentage symbol as small as h and press Enter."
157,"In this tutorial, we will learn about the interface."
158,Name the simplest and most subtle organism on earth;
159,Move the fingers backwards.
160,"""Father, glorify thy name; and I will glorify it, and will glorify it again."""
161,"""Some common paper used in food environments are: platinum paper, bastard paper, rhinestone paper, caltrope paper, caster paper, sea milk paper, lotus paper, pastry paper, stereo paper, shape soldering paper etc."""
162,"""And in those days men shall seek death, but shall not find it: they shall seek their souls, but death shall flee from them."""
163,I thought.
164,ENVIRON indicates the shell environment variables and their array of values.
165,We have the part outside. There is someone sitting there.
166,It has a GUI for using apt-get command line.
167,Place the knees at a distance of about 10 inches. Place the hands between the knees.
168,Let us see what is in the Awkdemo.txt file.
169,"""Then they say, Behold, the desire of the soul is fulfilled, and the second light shines forth first, that the word may be established."""
170,Explain the meaning of folk dance
171,So I can make the black point so far.
172,Extract the gene HIV1gp3 (HIV1GP3) from 4587 to 5165 locations in the HIV genomic sequence.
173,"""Then Jesus told them plainly, Lazarus is dead."""
174,"""For every one that doeth evil, when he hath seen his works, is condemned in the light, and is not condemned."""
175,"Now, let us see how to run the system."
176,Now click on OK and click on the dialog box.
177,It summarizes the Spoken Tutorial project.
178,"Next, I select Step Over. The imported value in the constructor is set to 10."
179,Read the meditation stanza.
180,Today you eat at home.
181,Welcome to the spoken tutorial on grep command.
182,"Next, under Description, we will see 2 fields: Course Summary and Course Summary files."
183,It is a people ship.
184,"includegraphics uses the color package. To keep this requirement in mind, we have to refer to LaTeX."
185,Now we will use the cout statement instead of the printf statement because we will use the cout<< function to print the line in C++.
186,3. The gallbladder supports the right abdominal organ.
187,List the traditional remedies used in water purification.
188,"So, I will select the partition and fix the errors."
189,"""And there, interdisciplinary studies, planetary movements, the calculation of eclipses, the calculation of rows are widely discussed."""
190,"So while doing this exercise, your rate of inhalation should also be between 30 and 35 breaths per minute."
191,"The Spoken Tutorial Project is part of the Talk to a Teacher project supported by the National Mission on Literacy through ICT, MHRD, Government of India."
192,The spoken tutorial project manager conducts workshops using the same tutorials.
193,"""Neither so, but he that giveth the bridegroom: for he saith, God is against the proud: and unto the proud he giveth the bridegroom."""
194,The truth is that bravery is the essence of bravery.
195,Bend the right hand slowly to the right until reaching the right leg.
196,The teacher invites the children.
197,There are two ways to clean the outer parts of the body.
198,"""And they were exceedingly angry, and laid hold on the apostles, and cast them into the lowest prison."""
199,"So, I will create a new layer and name it as white and then I will select White in the Layer Fill Type and immediately I will reduce the opacity value so that we can see through the image."
200,"""Amount: One who is in His majesty."""
201,Some tribal dances of India can be described with examples.
202,"Now, join the using statement."
203,Enough.
204,There should be enough space to play this game.
205,"""Therefore take heed how ye hear: for whosoever hath, he shall have, and whosoever hath not, it shall be taken away from him that he hath."""
206,What do you mean? We have not initialized the values of the variables.
207,Now double-click on ctrl and z keys and activate this function.
208,Click on Selector tool.
209,I will give it to you.
210,"""As you breathe, your stomach comes out and as you exhale, your stomach sinks."""
211,Now we will invoke the show data method to print the details of the nomination.
212,Click on the View menu and select the Properties option.
213,This tutorial is recorded using Maximum Resolution to make it easier to use the tools.
214,Total 4000 and Actual cost 0.00 are calculated by itself.
215,How to use and set guidelines
216,The Provision field is used by a Sales Person.
217,"""And his disciples answered him, Where shall we find bread to feed the dead in this wilderness?"""
218,Boy has friendship in that.
219,The following is an application for Videos.
220,"""As it is written in the book of Hosea, The people which was not mine, I will call my own; and the people which I loved, I will call my beloved."""
221,You can also install KTouch from the Ubuntu database.
222,Boy believes in these.
223,For Grace period: I will select 15 day(s).
224,"""I know thy works, and thy strife, and thy affliction: but thou art rich, and I know the reproaches of them that call themselves Jews, and are not Jews, but a synagogue of Satan."""
225,Lord Krishna says in the Gita that
226,It is a physical exercise in which the person runs at a single pace.
227,Indicate what is clean and what is clean in the following sentences.
228,"""But whatsoever cometh out of the mouth, it cometh out of the heart, and cometh into the inner parts of the man."""
229,"In the prompt, type the date space plus percentage symbol as larger than T and press Enter."
230,"""The king summoned a few brahmins and said, My mother's last wish was to offer ammon to the brahmins,"""
231,"""And all the mountain was deserted."""
232,How do you know the Gita?
233,The next setup is Hidden sections. These are secret topics for the chest in the course.
234,Those two are vania.
235,The first step here is General Ledger Account Classes.
236,"""For he was once far off, and in his heart was evil: but now hath he reconciled with you those whom he hated, by the death of his flesh."""
237,But this is not the case with apmarja.
238,"""Greet Tryphena and Phyphosa, who have worked hard in the Lord. Greet my dear Priscilla, who has worked hard in the Lord."""
239,"""It is a relaxing, continuous and peaceful exercise."""
240,"""Most human activities are harmony with nature and their influence on nature is not negative."""
241,There should be no heavy movement or movement. This can disturb the body and spine.
242,Product of 5 and 2 is 10.00)
243,Son - What is going on between them?
244,"So, when we open the emacs editor, we see maths.pdf_t."
245,Feel the fluid flow in all parts of the body.
246,"""Know therefore, O house of Israel, that the Lord our God is one Lord:"""
247,"There are also many mantras in Vedic composition such as Rigveda, Yajurveda, Amitrai and Samhita. There are also many mantras in Dharmasutra about Goa."
248,Click twice to see the contents of the folder.
249,Look at two square handles and two circular or arch handles in shape.
250,When food is placed on the top table it is called buffet arrangement.
251,"""Wherein they wrote, The apostles and elders, and brethren of the Gentiles, which are in Antioch and Syria and Cilicia, Greetings."""
252,These are soldiers.
253,"However, for security reasons, it should not be direct access to the web."
254,"""Then Paul called one of the centurions, and said unto him, This young man hath something to say unto thee, and thou shalt not say it."""
255,"If I always forget something, then I do it."
256,Google Calendar... This is it.
257,"""And when the fire was kindled, all the people stood outside to pray."""
258,"Next, click on Koha Administration."
259,Smell of Sanskrit
260,"""For this reason I wrote unto you, that ye might know, whether ye are true in all things."""
261,A new page opens up.
262,"It also requires the use of terminals, text editors, synaptic cache managers in Linux."
263,"For example, in a two-dimensional array, an element is identified by two index sequences."
264,They are in Sanskrit house.
265,Save the image as .cml file.
266,Type 4.
267,Some people make objects with essential elements in a small space in the house.
268,It increases concentration and calms the brain.
269,"In the practice of bhramari, use non-kara instead of mama-kara."
270,"""By faith they conquered kingdoms, exercised righteousness, received the reward of promises, silenced the mouths of lions;"""
271,"""And the disciples came unto him, and said unto him, Why speakest thou unto them in parables?"""
272,Add the number Prak 2 to the name.
273,We have to open the terminal.
274,"Now, we will try to split it. Click on the slash icon to remove the asterisk."
275,"""Food distribution India is a country of unity in diversity. India has diversity in languages, geography, climate, religions and cultures and thus food is also different."""
276,Notice that this makes the curve structure difficult.
277,Now click on the file to upload it again.
278,"""Then came some Jews from Antioch and Iconium, and persuaded the multitudes, and stoned Paul, and dragged him out of the city, knowing that he was dead."""
279,"As a result, some of the images are visible."
280,This tutorial explains how to create simple web application.
281,"But I can change it by changing the color. To do that, I have the shortcut key X and I will shorten it a bit here."
282,"However, the non-static block cannot be parameterized."
283,It can be started with main method.
284,I will use Firefox web browser and active Internet.
285,Let us see how the code works.
286,"""1. The seeds are harvested with the right amount of water, oxygen and heat."""
287,"""Then the servants of the owner of the house came, and said unto him, Sir, why didst thou sow good seed in thy field? have thou not come to harvest wildly?"""
288,Common skills of hand-sewing
289,"""After that John was put in prison, Jesus came into Galilee, preaching the gospel of God,"""
290,Now let us see how the code works. Save and run.
291,"In the menu items, go to the applications, Programming and Netbeans IDE icon."
292,"""Thou shalt be blessed, that thou mayest punish them, and that thou mayest be rewarded in the resurrection of the righteous."""
293,And I will show you the code for this.
294,Rama confronts Ayodhya.
295,"""And there he found a man named Aeneas lying in bed, having been paralyzed for many years."""
296,Then we iterate by the result set.
297,The output shows the number of alignments in the dna2 sequence.
298,"GIMP uses many small windows, such as Windows and Macintosh programs."
299,"Food, meaning food, refers to any food that we eat or drink that provides nutrition to our body."
300,Let us go to the place where we want to place the box.
301,"""And when his son asketh for bread, he giveth him a stone: and when he asketh for a fish, he giveth him a serpent:"""
302,"""Also, make a tight fist forward with the palms."""
303,"Now, let us learn how to give a stroke or outline to an object. For example, we should use the Stroke paint tab."
304,Bharatha: One who is called by the name of Bharatha. He went to Rama and prayed with great fervor.
305,Scroll down and click on Save and display button at the bottom of the page.
306,"Right-click on Open. From the context menu, select Events, Action, Action Performed."
307,"""And when evening came, he arose with the twelve."""
308,Cows are also worshipped today.
309,"""Verily I say unto you, that all the blood of the prophets from the foundation of the world shall come upon this generation."""
310,"""Who art thou, O servant, that thou shouldest despise him? whether he be lowered from his master's place, or whether he be lowered from his place: for God is able to make him steadfast."""
311,And delete the document.
312,"""Garuvar Bhavan said that the sun is a star, so how can it not be seen at night? The stars shine at night?"""
313,Then we will call incrementAvailableCopies.
314,Now go to 310 CURRENT PUBLICATION FREQUENCY.
315,There are birds around the mountain.
316,"""Each worm has to dig into the soil and get the air flow to it."""
317,Start by glancing at both the fingers.
318,"""And there arose a dispute among them, which of them should be considered greater."""
319,"""Keep the hands slightly away from the thighs, arms upwards."""
320,The snake walks in the bushes.
321,"""For my soul is exhausted, and the hour of my departure is come."""
322,Those are knuckles.
323,"""The breathing process of the stomach, buttocks and buttocks is called complete compound breathing."""
324,"In this way, we can see the objects on all four sides of our body."
325,Now we are at the Welcome page.
326,I will go to the Sanskrit camp to study Sanskrit.
327,Right-click on Exit menu item.
328,"Lessons, e.g. A Lessons b (a < b)"
329,We will learn about other options for align and distribute dialog box in the following tutorials.
330,This output is generated by default using a++.
331,It executes the internal statement until the condition is true. It is then incremented and the loop repeats.
332,"Now, it is known that both objects are selected."
333,"Therefore, milk should not be used in meals."
334,Add the final keyword to the name variable. We have now changed the name to the final variable.
335,"Now I have all the files in my folder section. So, I will click on Archive Manager and click on the file here and come back to GIMP."
336,"This command gives us the number of blank lines because every time we see a blank line, x is printed by multiplying it."
337,Everyone knew the strategy of war.
338,Now we define the showDetails method. Then type: public void showDetails().
339,Click on add stop to add another color between them.
340,"""But when thou givest, know not what thy right hand doeth, nor what thy left hand doeth."""
341,"""And having a chief priest over the house of God,"""
342,We learnt that a member of a class can be combined with a variable and a method.
343,Protect wealth from theft and violence.
344,"For example, we put it directly in the center environment."
345,Sakhs: One who is in space.
346,The boys heard the story.
347,"""Then he sent him to Herod the tetrarch."""
348,"""And there ye shall heal the sick, and proclaim unto you the kingdom of God."""
349,"I will type Patel, Arvind H."
350,"During the months of October-November, Sohra and Bandhana are performed to show the abundance of animals."
351,I will leave the Shipping cost blank.
352,We have already deleted this processRequest.
353,This will open the dry-time quiz on the given date.
354,"Now, let us use the Greater Zone operator."
355,You are a warrior.
356,"Finally, click on Save changes button and then on Done button."
357,Click on the Units drop-down list. We can change it as required.
358,"When logging in, the details of the people you visit are stored in the blocks."
359,"""He was shocked to see the place where he lived, it was very dirty."""
360,Soldiers die on the battlefield.
361,It is very useful in improving vision.
362,There are thousands of kinds of living things on earth.
363,Click on the drop-down list of the blind mode. Here are five options.
364,Do not select any other option.
365,"""And the second reason is the soil, which provides water depending on the soil. If there is rain, then there is less water and more water, if there is no rain, then there is no water."""
366,"""For if the body were one part, where would the body be?"""
367,Type return 0; and close the curly bracket.
368,The following categories of animals are divided:
369,Mother eats various dishes every day and on festivals which we enjoy eating.
370,The Spoken Tutorial Project is a component of Talk to a Teacher.
371,"Now, in Terminal, type:"
372,"To optimize, in the toolbar, select Auto Optimization Tool."
373,These options are disabled for flood text.
374,"""And three days afterwards he called together the chief of the Jews, and when they were assembled, he said unto them, My brethren, although I had not done anything against the customs of my people, or against the customs of our fathers, yet the people of Jerusalem delivered me captive into the hands of the Romans."""
375,"In Screen mode, the colors are first contrasted and then multiplied and divided."
376,"I will select the Scale tool and save the aspect ratio. In the section, I will drag the Scale window."
377,Boy displays kindness in them.
378,The devotees of Krishna do not bow.
379,One lesson assignment:
380,Lord said that Dharma is the name of Lord Rama.
381,Human eyes are primal parts of the body.
382,"In the Categories, select Java."
383,"""Am Guruvar, this is a circular map of the earth."""
384,"""And give not unto thieves the sacred things, and cast not a spear before thieves: for they shall cast them all upon their feet, and thou shalt be delivered."""
385,"As we can see, this condition causes confusion."
386,Let us see what happens if n has a value of 0.
387,"For self-examination,"
388,"To view the return document, select Start Date and End Date of the exchange."
389,The whole world is surrounded by fire as energy.
390,Now I will paint the image.
391,Create Table dialog opens up.
392,Boy displays humility.
393,Who is next to you?
394,But a static method can only change and access static variables.
395,"""In our Vedas, more milk is given to the sage, to help him gain knowledge through prayer."""
396,The other here indicates that the Apache instance is running.
397,We can see a square handle and a circular handle on the image.
398,"Now, let us know the difference between instance method and static method."
399,"""For their hearts were hardened, so that they did not eat and drink."""
400,Here you can see Created With GIMP and Loop forever.
401,It is named as Villamacharya.
402,He will eat only fruit.
403,Select the Folder drop down menu as Bookmarks toolbar.
404,This is our header file stdio.h.
405,Mixed
406,You have conquered the country.
407,And it is not less than 40.
408,Halstein Friesian is a cow of sweet colour.
409,"""For death reigned from Adam unto Moses, even as death reigned over them that sinned not, because of the transgression of the first man."""
410,"However, you can control sharpening if you do it yourself using GIMP. In this tutorial, I will show you how to do this."
411,Let us change the header file 'stdio.h' to 'iostream'.
412,This is a chariot.
413,You are the speaker.
414,"""And James and his brother John, and Andrew, and Philip, and Bartholomew;"""
415,A healthy person shoots as many as six times per minute per adult.
416,Then type the file name as ST-CD-label and click on Save.
417,"""We speak as though we were weak among you: but as a fool I will speak, if any man should boast, he shall boast also of me."""
418,Click on the Calculus course. Scroll down to see the details of the course. Click on Enrolled Users.
419,"""For God delivered them into their own lusts, and their wives made their husbands unfaithful to their husbands."""
420,"Do not create the main class, but organize the main project."
421,Then click on Add random question button.
422,There are devotees all around the temple.
423,"In this tutorial, we will set Global System Preferences to customize the Library OPAC."
424,"Next, let us see what the Status bar does."
425,"""That through the mercy of God ye might give glory unto the Gentiles, that Jesus Christ might cause them to be circumcised, as it is written, For this cause I will stand before the Gentiles, that I may praise thy name, O God."""
426,1. What other name is Nutrition?
427,The yogi searches for God everywhere.
428,"""Had I not come and spoken unto them, they would not have sinned: but now there is no remission for their sins."""
429,Teacher: One who answers the questions.
430,"From the drop-down, I will select Author (A-Z)."
431,There is also a need for accommodation for a peacock.
432,Take up the sufferings as a soldier of Christ Jesus.
433,"""And behold, there was a voice among them, and he came to Moses, and urged them to make peace with him, saying, Lord, why do ye wrong your brethren to one another?"""
434,How to schedule your lesson
435,"Now, I will use this command."
436,The spoken tutorial project teacher conducts workshops using the same lessons and gives certificates to the graduates.
437,"Function call by value ,"
438,Prana Asana is to lie down with the strength of your stomach facing down.
439,You can also open your own shop or take over the work of the textile industry.
440,What does it mean that the script overrates the tables?
441,The teacher teaches everything.
442,"""But it is not that the word of God has failed: for they that are of Israel are not all Israel."""
443,System.out.println(n); then increase to n = n + 1.
444,Who will accuse the elect of God? He that justifieth them?
445,Hold the top of the string and bring the string to the bottom of the list where it was originally placed.
446,"""And they crucified him, two feet to his left, and two feet to his right."""
447,Who killed the boy?
448,"""And the Lord said unto him, Simon, behold, Satan hath sought out Satan out of you."""
449,Change the lane spacing to 1.50
450,"""For out of the inner man's heart is unclean fornication,"""
451,"To open the terminal, press CTRL, ALT and T keys."
452,We both must do.
453,The other codes are from our switch.c program.
454,The next tool is called Intelligent scissors or Scissors selection tool.
455,"""And he that was possessed of the devil came unto him, and was healed."""
456,Bhishma comes looking at Ganga.
457,E267 is the value of Employee ID and 10000 is the value of Employee salary.
458,"""And when he had looked down, he saw the clothes laid there, but went not in."""
459,Log out of your current session as Database administrative user.
460,This one learns Sanskrit.
461,Discuss the different types of Asanas in this tutorial.
462,"""Asanas to be performed on the back side, such as reversion, sarangaasana, shavasana, halasana, fishasana."""
463,"You may be familiar with HTML and others. If not, please contact our website for relevant tutorials."
464,"Next line, type else and open the flowerbrake and press Enter."
465,Those are golices.
466,All the types of fingers will serve your needs.
467,Note that our file name is pointer_demo.cpp.
468,"""Take my yoke upon you, and learn of me, for I am gentle and compassionate; and ye shall find rest for your souls."""
469,We are now in the Teachers Dashboard.
470,"Now, in the Price before Tax field, I want the Price to be 48,000."
471,Note that the servlet is similar to any other Java cell.
472,We will use this keyword to call one within the constructor to another.
473,I will increase the grid line with the slider tab and it will appear soon.
474,My third wish is to give me self-knowledge.
475,"""For I will go away, and evil wolves shall enter among you, and shall be as sheep, and shall eat of you."""
476,Double clicking on the logo will open the Inkscape.
477,"""And I am not worthy to be called thy son: make me thy servant, as thou wilt."""
478,Who was Kalidas?
479,"To do so, type the command at the terminal and press Enter. We have the desired output."
480,"""Do not destroy the work of God for food. All things are holy, but it is not good for a man to eat, lest he be defiled."""
481,I will place the pendulum in the class.
482,"""Lichvi king Bhaskarvarma, the conqueror of the Huns, Yashodharma, Sri Krishnadevaraya (the great king of the Vijayanagara empire), Lalitaditya (a great warrior)..."""
483,Metal cutters are more durable than plastic cutters.
484,This is a summary of the Spoken Tutorial project.
485,We wrote the code to reverse the string and named it as reverse.awk. The recursive function is used to reverse the string.
486,"""Whoever is against us, and despiseth all things that are worshiped of God, will show himself to be God, and will destroy the temple of God, and the man of sin."""
487,Yoga is destroyed for the following six reasons.
488,These are created using the same commands given in the original file.
489,"""And when the Jews that were comforting her in the house saw her rising up quickly, and going out, they followed her, saying, He is going to the sepulchre to weep there."""
490,"""After a little while another saw him, and said, Thou also art one of them. But Peter said, I am not a man."""
491,Kragakratkar: One who is the master of the day when there is anger.
492,Useful
493,It calms your mind when you are angry or tired.
494,The storyline of the play should be written for appropriate events.
495,"""There is an indication of any Indian medicinal plant which can be planted in your house, which can be planted in your house, which also makes the house a positive plant."""
496,"else if conditional-expression2 is true, then perform action 2."
497,Makarana can also be called crocodile pose in English.
498,Turn the carbon to the left.
499,What did Rama do to convince Sugriva of his powers?
500,Boy displays pride in you.
501,This is called malnutrition.
502,We should also define the move() method.
503,"""And when it was evening, the twelve with him came unto him, that he might speak unto them."""
504,You two played.
505,Notice the output. We have restored the original sequence of the indexes.
506,See a small triangle on the left side of it.
507,"Let us summarize. In this tutorial, we learnt about:"
508,The commands can be in one or more positions and they are different using white space.
509,"To set user accounts,"
510,* This indicates that you have seen your previous colour once or more.
511,Know instance variables and static variables.
512,"""And Peter answered and said unto him, Explain this parable unto us."""
513,"""There is only one god, Vishnu, who is the supreme being, the almighty, the indestructible Lord, who is spread over all three people and enjoys the world."""
514,"""And the Lord answered and said unto him, Who is this wise and wise man, that hath faith, that he may give bread to his household in due time?"""
515,Skha: One who is skilled in all kinds of tasks.
516,"The arrow should be drawn above or below the category. This is the menu and the gear icon ""settings"" is displayed. This is indicated by the down arrow."
517,"""And he said unto him, Be thou honoured: for I will send thee far away unto the Gentiles."""
518,Do not pollute the air and sky.
519,"If you have an idea about any field, always click on the help icon to find out its priority."
520,This opens the door for oxygen to come into the air and for the development of many kinds of organisms.
521,Asanas are classified as follows:
522,Ach is the name of Swaracharana.
523,"""Jap the mantra while resting, feel the vibration in the body."""
524,And we will learn to combine nodes and delete them to edit.
525,Sri Krishna solved the problem of Pandavas.
526,I will set this as 1.
527,Srikrishna places Arjuna's chariot between the armies.
528,It is commonly called Isoprene.
529,You all heard the story.
530,Those two are laughter.
531,Go to the tool bar and click on Apply button.
532,Right-click on the layer and select the Flatten image.
533,"Next, print the reverse complement of the sequence object using the built-in method."
534,"As in the equations, you can create brackets and use them as a reference."
535,Click on the Fill in correct responses button. This will help you to see the correct range of options for the questions.
536,"""That they may learn to be earnest in good works, that our people may not be fruitless."""
537,"""But store up for yourselves treasures in heaven, where moth and rust do not destroy, and where thieves do not break and steal."""
538,We have the option minus c.
539,Boy displays love in that.
540,"""For first of all ye know that in the last days there shall come a blasphemer, who walketh according to their own lusts:"""
541,"""And the city needeth not the sun, and the moon, to give light unto it: for the glory of God lighteth it, and the Lamb is its lamp."""
542,This will increase your energy. Exhale the air from the shoulders and pay more attention to the energy during inhalation.
543,"If we do not include any image in the logo, the Short name will also be used as the logo text. We will keep it that way."
544,He confused the surrounding villages.
545,Boy displays pride in these.
546,"""And the day of fasting and the Sabbath were approaching."""
547,"Now, let us show the allocation of static variables with an example."
548,"Bhadam literally means ""planning"" or ""melting""."
549,It removes eye allergies and increases eye brightness and concentration.
550,We have defined a constructor with two parameters.
551,It helps to increase blood pressure and heal heart disease.
552,"So, type public void showData( ) and type the following code in brackets to stamp id, name, branch and number of students enrolled."
553,Sit on the base of the practice.
554,Sita also came to the royal garment.
555,"Now, let us initialize the fields of the second object."
556,6.5 How do new plants grow?
557,Why is Krishna page necessary?
558,Let us switch to GreetingServlet dot java.
559,It is said that the juice of water is placed in the sun.
560,Let us move on to create a database on FrontAccounting.
561,Notice that we have not initialized the x value. Awk initializes the initial value of x to zero.
562,"He who calls you is faithful, and he will do it."
563,"So, I will open it."
564,You all know the clothes.
565,I will adjust the opacity subconsistency to get the deeper detail in the image.
566,"Customers can also give deposits, miscellaneous cells etc."
567,The pitch should be above J.
568,He is not a soldier.
569,"""And forgive us our trespasses, as we also forgive them that trespass against us: and lead us not into temptation, but deliver us from evil."""
570,Let us start with the back of the string.
571,"To make use of these options, check the check-box next to the subcategory that you want to use."
572,The Spoken Tutorial Team conducts workshops using the same tutorials. Those who pass online exams will also receive certificates.
573,It is a state of freedom from all thoughts or peace.
574,There is a program here.
575,This shows the village of Viti.
576,Write the 8 points for cleaning the pots.
577,"""And he put his hands on their thighs, and stood there."""
578,4. A white seed comes out from the root.
579,"Create, delete, modify the data and finally"
580,"""Submitting yourselves with zeal to the gospel of peace."""
581,Here is a namespace for std where the entire standard C++ library is declared. Now press Enter.
582,Look at the details here.
583,Be peaceful and strong.
584,These two are in brackets.
585,Flower buds. The flower buds are sitting in confusion.
586,Type the file name welcome.
587,"Similarly, we can assign Students to the course."
588,What do you eat?
589,The quality of the sky is the word.
590,Click on the Add button under the Activity Chooser.
591,Then click on the Enter Payment button at the bottom of the window.
592,The Table environment is floated so do not add it here. Add it directly.
593,and display the converted temperature.
594,Create a class named Welcome there.
595,There are two pins named 'Attachment'.
596,We have learnt about the usefulness of layers.
597,Your phone receives an SMS.
598,"Similarly, we will learn to parse data files using functions in the sequence input and output module."
599,You can see that the image is now the opposite. I will reduce the opacity to 50%.
600,Return to normal position with full breathing.
601,It is repeated in syntax.
602,You see another value in your interface.
603,Zoom and click on the star once.
604,But it will also change the nature of the industry.
605,Milk gives milk to cows.
606,main is a special function.
607,"However, the date can be edited."
608,It sends the same message to all the breasts.
609,"After reading this tutorial, you can read:"
610,"In the Password text box, enter the password you want."
611,"Immediately, the recording software creates a movie."
612,This is an achievement.
613,The lesson is recorded using the best resolution to help the tools used in the lesson.
614,"When I do everything, I record it in 800/600 frames and reduce it to 640/480 frames. This is how it works on Apple TV."
615,Boy displays love in these.
616,Squeeze the cavity inside and out.
617,"And it also provides some privacy options to fight against malicious web bugs, spyware, viruses, trojans or other malicious activities."
618,"It is known to be a health enhancer, anti-inflammatory and anti-inflammatory drug."
619,The output line is renewed.
620,All the sounds of the alphabet originated in the veins of Shiva.
621,She knows this.
622,The king did not imitate Dilip's success.
623,XAMPP services should be started before FrontAccounting interface starts.
624,This statement prints the address of the variable num.
625,You all sit.
626,"""Amen, truly, I say unto you, He that believeth in me shall do the works which I do; and he shall do greater works than these: for I go unto the Father."""
627,"""And if any man be in the field, turn not back to take his garment."""
628,The student learnt mathematics.
629,The Indian science of chanting shlokas or mantras is the oldest in the world.
630,I have used Moodle 3.3 and Firefox web browser. You can use any web browser you want.
631,Trees water the soil from their roots.
632,This file is saved in your home folder as HIV_geneseq.fasta. Press Enter.
633,You all bow.
634,"""Mind meditates on the present and the present."""
635,You all worship.
636,"""Study of knowledge, wisdom, music and art can be shown with the help of the goddess Sutrasvata."""
637,Have I freed you because I have spoken the truth?
638,"Now, let us see how to execute this same program in c++."
639,Click on the GL Account Classes link on the Maintenance panel.
640,"""This is how God spoke to the world, that he might give his body, that every one that believeth on him might not perish, but have eternal life."""
641,"In this tutorial, we will learn about: Ubuntu 11.10 Operating System"
642,I will name it as Account balance.
643,Change the default location to Home Folder.
644,"""And I saw the garments set up, and the garments of the head set apart."""
645,"To follow this tutorial, you should study library science."
646,"""He which was delivered unto you according to the counsel of God, according to the determination of the past, whom ye took, and crucified in the hands of demons."""
647,Sikhs used to dance.
648,Maharishi Chaivan was an Indian Vedic sage.
649,It was the place where they all met.
650,Examine the performance of each step before expansion.
651,"To get the books and audio printers, please contact your central coordinator."
652,"In the course, we will learn how to create groups and send messages and notes to the chest."
653,"""An example of insects are bees, bees, bees, mosquitoes etc."""
654,The proper seed mantra is also chanted with the names of Surya Lord.
655,This opens the File Browser window.
656,Explain the question in minutes and seconds. Anybody in our counting gives an answer.
657,Click on Show Layer Mask.
658,Trakta is the practice of focusing on a certain point of view.
659,It is used for burning in Droni garden.
660,You can use the terminal and
661,FrontAccounting interface opens up.
662,"However, it does not apply to teachers and students for skilled users."
663,"In this tutorial, we will learn about different types of function calls. These are:"
664,"""Humans have built many different machines over time, but the machines created by nature are useless."""
665,"""And when did we see thee a stranger, and receive thee into our house? or naked, and welcome thee?"""
666,The first data is in zero index.
667,"In the Menu bar, click Edit and then on Preferences."
668,"Before moving on, make sure you have completed this tutorial."
669,"""But I say unto you, It shall be more tolerable for Sodom and Gomorrah in that day than for that city."""
670,"To save the file, press Ctrl S and run the program."
671,"Philip was from Bethsaida, the town of Andrew and Peter."
672,Now let us change it to enumerate.
673,"""Jesus knowing their reasoning said unto them, Why do ye reason in your hearts?"""
674,"""Of course, the scripture says that the younger brother should not rule before the older brother, so you are worthy of the king, but Yashvin is very pleased with Rama and is generously true."""
675,It helps in normalizing the rate of breathing and maintains constant rhythm of breathing.
676,Noise water is used.
677,"In this tutorial, I will talk about Gimp's identity and characteristics."
678,"""And they laid it on the top of the donkey, where Jesus was sitting, and put Jesus on it."""
679,"""For they that accomplish the ministry with excellence gain the highest rank, and the glory of their faith in Christ Jesus."""
680,It travels from the brain to the spinal cord.
681,Here is the assignment for you: Add a new sub-category of 2nd Year Maths in Mathematics and remove the category Miscellaneous.
682,"""Inhale, place the weight on the chest, raise the head and place it on the ground."""
683,Keep the neck aligned with the back.
684,The basic is enough.
685,Return to the terminal.
686,Let us move it inside the mouse value box and keep it there.
687,There are also four possible causes of common ailments.
688,Type: cd space slash user slash bin.
689,"""And when they had eaten, Jesus saith unto Simon his father, Simon son of Jonah, lovest thou me more than these? He saith unto him, Lord, thou knowest that I love thee. Jesus saith unto him, Feed my lambs."""
690,"I go to File, click on Save As and change the width extension from tif to jpg to jPG."
691,Write four reasons why cleanliness is important for human beings.
692,"ii. To cleanse the skin, every day do.................."
693,I will come up with different ideas.
694,At two o'clock came out of the zoo.
695,Boy displays trust in you all.
696,Let me add one and explain it later.
697,Father-in-law chanted the name of Krishna.
698,Bend the right leg with the knees and sit on the elbows.
699,"""And when he had looked round about, and had seen them all, he said unto him, Give me thy hand. And he did so, and his hand was restored."""
700,"""But when Jesus had spoken no more, the disciples came and urged him, saying, Let her go, for she is crying after us."""
701,This is a daily tutorial where you will get useful information.
702,"Here, we will execute a query to delete the submitted book from the entry Checkout table."
703,"""And they take the chief places in the synagogues, and the chief places at the table."""
704,What if we want to delete a folder containing multiple files and subfolders?
705,She does not want reward.
706,She burns more flowers like that.
707,Marichasanam: One who is in the position of Mary. He is in the position of Dandanasanam.
708,"""Neither shall any of them eat."""
709,Boy has respect in me.
710,Click on Create a new question button and double-click on the Short answer option.
711,The selected atoms are visible in blue.
712,"As you can see, the earth's physical environment changes and the evolution of life changes."
713,"""For we also pray that we may see your words, that we may confirm what is lacking in your faith."""
714,"Therefore, it is important to provide food in view of social values."
715,"""And he said, I will not put a new stone into my hands, and I will not put a new stone into my hands."""
716,"Immediately, the download is started. Press Save File button and press OK button."
717,"""But we speak the secret wisdom of God, which was hidden, which God predestined for our glory before the ages."""
718,The message of this success appears.
719,"""And ye say, If we had lived in the days of our fathers, we would not have shared with them in the iniquities of the prophets."""
720,You two are friends.
721,"Some common applications such as Calculator, Text Editor, Terminal, Firefox Web Browser, Videos, LibreOffice Suite and Home folder."
722,Note that the response.jsp file appears under the index.jsp file in the Project window.
723,The Spoken Tutorial Project Manager conducts workshops and gives certificates for passing online exams.
724,3. How to make urine? What substances are present in urine?
725,"Here, I will give the value again as 8 for b."
726,This article is about the contribution of Priyanka Maha Bhaga.
727,Compile as before.
728,"So, here you can use these skins to encrypt as fake water colour or to create a frame around the image."
729,Focus on conscious breath or Pranayama.
730,Repeat the exercises and inhale loudly into the body.
731,The children heard the story.
732,Some of these are beneficial and some are harmful.
733,The human body in the cell can be called centering.
734,"""And when they had been there many days, Festus informed the king of Paul's cause, and began to speak: and Felix took Paul as a prisoner, and led him away."""
735,"""They are made of iron, steel, iron, aluminum etc."""
736,Boy displays love in them.
737,"""After eating, when a person goes to eat next to him, it is called food introduction."""
738,It is difficult to come to understand Gita as a sage.
739,Rakhṇa: One who is the protector of the Triloki.
740,For the law of the Spirit of life hath delivered me from the law of sin and death in Christ Jesus.
741,Raise your legs as far as possible and raise your knees and pull the body.
742,I will delete those details as I do not need authentication for my proxy.
743,The vampire called for battle.
744,"""Yes, Guruvar! I know that this is common practice. Gopal answered, said."""
745,Enter the admin password and click on the Authenticate button.
746,"Now, let me talk about declaring a string."
747,"Now, let us change the opacity of the arrows."
748,"Now, let us call the method in the main method."
749,Type: grep space minus i spacewithin double quotes ankit space saraf after the double quotes space grepdemo.txt
750,"If not, please visit our website for relevant tutorials."
751,Find the zip file size 30Mb and click on Open.
752,Step 4: Four legs
753,The error indicates that we have to implement the Animal interface.
754,"""And whosoever shall stumble one of these little ones that believe in me, it would be better for him, if he were bound with the neck of the dead, to be baptized into the sea."""
755,"""And it came to pass, when Judas the Samaritan conceived Perseus, that Perseus was his son, and Hisron his son."""
756,"To do so, a window like Save File opens which tells us to fill the File name."
757,The works of poets are poems.
758,"""But Paul answered, I stand before Caesar's judgment, where it is expedient that I should be judged: I have done the Jews no wrong, as thou well knowest."""
759,"""And the multitude stood, and the rulers said unto him, This man saved the others; save thyself now, if thou art the Christ of God, the chosen one."""
760,They invaded the country.
761,The features of Vithe are as follows:
762,We can change the size of the star and rotate it using another handle.
763,The Course category is set by the admin.
764,Now type: ls space -l space example1 and press Enter.
765,Some area code shapes appear. Click on the triangle and drag on the canvas. Type the cut and remove the Stroke.
766,Bend the fingers together and keep the head and toes together.
767,"""If any man examine himself, he shall be regarded of the Lord as worthy of every good thing, and worthy of honor."""
768,"""For he that is uncircumcised by the Spirit is Christ."""
769,It creates a declarative region and defines a scope.
770,Benefits and harm of bacteria
771,"Before the sewing machine came, the sewing machine was used for sewing textiles."
772,Plants grow insects in their colour and punches produce pollen which goes to the female hair and produces fruit in flowers.
773,"""And he answered and said unto them, Swear, I will do according to thy word."""
774,"After this tutorial, you can complete your drawing and make your own recommendations."
775,"Now, let us start this tutorial."
776,We can see that the home page of Glassfish Server is visible.
777,"To get the hyperlink address details, click on the mouse link."
778,"Now, I have learned a good way to get the color list."
779,Let me configure the CD design layer.
780,"""And by the blood of the Lamb, and by the word of their testimony: and they have not despised him, neither have they loved him, and have hated death for their souls."""
781,Run the code. Run it safely.
782,Keep the palms close to the legs on the ground.
783,"Now, I will click on Scale and get the image measured."
784,"If the default option is not selected, then select Default for Calculus."
785,"11 and sent to the constructor at Raju. So, here it is."
786,Now click on the button next to this field.
787,Then resume the lesson.
788,Girls like to entertain.
789,The age must be a positive integer.
790,"In this context, it should be represented as zero because there is less use here."
791,And the seven angels who had the seven trumpets went to blow them.
792,I will get a good score.
793,Now we will learn how to use this keyword.
794,I know the book.
795,The Spoken Tutorial group runs workshops based on this tutorial.
796,"""And when they had received it, they came to Antioch, and received the letter, and delivered it unto me."""
797,"For more details, please visit the following link."
798,"""Thou teachest others, teachest thou not thyself? Thou preachest all things, forbidding all things, stealingest thyself?"""
799,The General menu has two sliders: Quality and Fog.
800,Please do not ask any relevant questions. This will avoid confusion and confusion.
801,"""And if they persist not, they shall also be planted: for God is able to plant them again."""
802,Click on Save.
803,"""Then they delivered Jason and his companions, after they had borrowed money."""
804,It helps to create different quizzes for each academic year or for different subjects.
805,A number indicating the same is the PID of the existing shell.
806,1. Asana helps in the development of people.
807,"If so, please refresh after a while."
808,I wrote a Sanskrit song here.
809,Asanas to be performed with stomach 1
810,"Here, the file ABC is in the XYZ file."
811,"This is because if you change any method to the final one, you can over-read it."
812,"""There are talented people, all the best people are far away from the show."""
813,Now type the password and click on Login.
814,"Now, let us look at the URL."
815,"Above the Background layer, I will make a copy of the original."
816,"Here, the first step is to create a sequence record object."
817,He received gifts from the gods.
818,Ancient Indians knew about the disease of Dhenvas.
819,For it is hard for a man to lay down his life for a good man; but no man lay down his life for a righteous man.
820,"Again, click on Account Description drop-down box and select the option Capital."
821,"If the errorMsgs list is not empty, we will display the errorMsgs as addUser dot jsp."
822,Now click on Save.
823,"""What then shall we say, Abraham our father found in works?"""
824,Notice that we are using only the default keyword.
825,"For more details, please visit the following link."
826,Again Antialiasing is from the soft regions.
827,"In this page, Tag number 010 does not appear."
828,Right-click on the Sample.java file in the Project window.
829,Bank Account and Reconcile.
830,Boy has faith in you all.
831,"To start a read-only variable, we will use the const keyword."
832,"To record this tutorial, I am using: Ubuntu Linux OS 16.04 and Koha version 16.05."
833,"""And he need not, as the chief priests, day after day, to offer sacrifices for his own sins first, and then for the sins of the people: for he hath done this once, when he hath offered himself."""
834,"""And if Satan cast out Satan, he is divided against himself: how then shall his kingdom stand?"""
835,Click on Go to receipt page.
836,"""And when he was consumed, behold, one ran, and fell down before him, and said unto him, Master, what must I do to inherit eternal life?"""
837,"If you do not receive any error message, please note that the biopath has been installed."
838,Then go to the tab 245 TITLE STATEMENT.
839,"""I regard him not as a burden, but a burden of life, that I may gladly accomplish the ministry which I have received from the Lord Jesus, to bear witness to the gospel of the grace of God."""
840,"""With whom we make ourselves servants of God, and praise God, who is known to be worthy of honor."""
841,Now the space here is dark and this white is probably too white so I will drag it down.
842,"""And when many saw that they were departing, they recognized him, and came out of every city, and sat before him."""
843,"Perhaps, the log file does not show the orbital details."
844,Enter your username as Su and press Enter.
845,"When you finish typing, close the Correctness field. This will show your typing accuracy."
846,"Now, let us look at the laptop."
847,"""Turn the body from the knee to the lower leg in the right and left direction, i.e. the direction of the clock needles and the opposite direction of the clock needles."""
848,Scroll down and click on Save changes button.
849,"""May the goddess Sarswati, bestowing compassion and glory on Madhya, come to our side."""
850,The need for this will be strengthened.
851,But it doesnt look good. So I will change the decimal point.
852,"Now, delete the format specifier."
853,People say Saraswati is the voice of the goddess.
854,"""Yagyapati: One who is the master of all the Yagnas."""
855,"Click on Save. First, we will change the header file to <iostream>."
856,Boy displays friendship in them.
857,The code is written in awk BEGIN section.
858,"In the course page, Forum name appears as a link to the forum."
859,Let us add another block. Click on Add a block menu on the left.
860,"As we move up, Unit penalty field represents 0.1. So I will make it 0.5."
861,"""Supata: One who is beautiful in all things."""
862,"To add a DNA molecule, go to Insert next to Build menu and click on DNA/RNA in the sub-menu."
863,Many Tabs appear in the Preference Window.
864,The settings on the visiting card
865,Please use both of these commands and see the purpose for yourself.
866,Will you listen to music?
867,Details on the downloads
868,You can place your hands on the head but it is important to note that the hands do not touch the head.
869,"Let us summarize. In this tutorial, we have learnt the topics below."
870,"If not, add some errors with logic or algorithm."
871,There is evidence of scripture in the work of the system.
872,"""And when they had measured the water, they saw that a storm was blowing there: and they went a little farther, and measured it again: and there they found the water about fifty feet deep."""
873,You will also learn how to type a blank page every time you type.
874,There are many plugins for teachers and site administrators in the Moodle.
875,We get the result We have successfully run a java program.
876,"If two equal numbers are given, then 1 integer is given to the chest."
877,What flower?
878,Bhrastram - This pot is used to digest most of the eggs.
879,The surfaces settings dialog box opens. Drag the slider to adjust the opacity.
880,"""And when they saw that all the people were come out to meet Jesus, they prayed that he should come to our border."""
881,Fill the empty spaces at the bottom with the correct words.
882,We will now log in using the username Bella and its password.
883,Fill the air in your stomach and place the head above the inhaler.
884,The URL is based on the port number and domain name given by the sys-ad during the installation process.
885,It is rotated to 90 degrees.
886,Click on the Home folder.
887,"""But woe to you who are rich! Happy are you; you shall be filled, and you shall hunger."""
888,You can access by right-clicking on the connection node.
889,Natrajo is also one of the names of Lord Shiva.
890,Some of the most prominent elements of vegetarian diet are found in a variety of foods.
891,"""For God appointed us not for wrath, but for salvation through our Lord Jesus Christ:"""
892,"""And he said unto them, What do ye think of these things among yourselves?"""
893,Agrahayah: One whose functions are not perceived.
894,He was very bright when he appeared. He created the body and the body after birth.
895,Arjuna is here.
896,"""May the God of peace be with you all."""
897,"Now, close the Firefox window."
898,"""And when the chief shepherd cometh, ye shall be crowned with glory."""
899,"OK. Now, we are done with this format and the tutorial. We have come to the end of the document."
900,"""And they sat there, and gave him food."""
901,Children will wear new clothes.
902,This rotation of the earth is completed in 365 days.
903,"The selected course is displayed on the same course as assigned to it, i.e. Admin, Course creator, Teacher, Manager."
904,Rama and Lakshmana sought Sita far away but they could not find Sita.
905,Food gives strength to our body.
906,The activity of joints is very important.
907,3. The nostrils send various odor-specific messages to the brain.
908,The soldier exits.
909,"So, I will select a different color from the background colour. What is it here?"
910,The Spoken Tutorial team conducts workshops using Spoken Tutorials.
911,"""The purpose of this practice is to introduce you to three different components of breathing (abdomen, buttocks and covers) and incorporate them into full yoga practice."""
912,"So, we have come to the end of this tutorial."
913,These options are similar to those found in other word processor applications.
914,We have successfully installed the XAMPP server.
915,Increase pressure in the eyes.
916,"""For he that feedeth on milk is not a child of the word of righteousness."""
917,"""And they went, and saw all things according to them, and prepared the Passover table."""
918,Mooni takes care of his family.
919,Letters in perspective
920,Exhale and bring the left leg forward next to the right leg and reach down with your upper body and touch the forehead to the knees as in step 2.
921,Let us go to the terminal. Let me clean the prompt.
922,"Here, dollar 1 represents the first field, i.e. roll number. The value is dollar 6 multiplied by zero point 3' and dollar six represents the stamp value."
923,Students watched the play.
924,"To do so, go to the top right corner. Click on spoken tutorial library. From the drop-down, click on Log out."
925,"""Therefore I fear that when I come again, I will worship my God, and see the righteous men that sinned before, and repent not of their fornication,"""
926,I will leave them empty.
927,Question: 8.3
928,"Type (hash) #include, space, opening angle bracket, closing angle bracket."
929,"So, I will go to Filters >> Enhance >> Sharpen respectively."
930,Click on Stop button to pause the auto optimization operation.
931,3. Varahamihir
932,The Spoken Tutorial project is part of the Talk to a Teacher project.
933,It tells us to give write permission to the directory.
934,Export the file in eps format and see it.
935,Now I want to talk more about Paintbrush and choosing the colors to paint.
936,Nakamay: One who holds many Maya.
937,That I may boast in God in Christ Jesus.
938,You are an archer.
939,"In response, the Birthday option comes up."
940,"""But Jesus said unto them, A prophet is without honor, except in his own country, and in his own house, and in his own house."""
941,"""Then I saw a white horse, and the devils followed him, and gave him power over the fourth part of the earth, to kill men with sword, pestilence, and pestilence, and wild beasts."""
942,iv. Pramastiskana
943,"With the cropping of the image, we get started. I will show you what to do with the image in the next tutorial."
944,I will go to the terminal and empty it.
945,"Now, let us come back to the slides and learn about the main function."
946,"""Bhakti influences joy, Divine contentment, peace and knowledge."""
947,"""Those who preside over the congregation are worthy of double honor, especially those who labor in the word of God and in teaching."""
948,"You see that a man is justified by works, not by faith without doubt."
949,"""And when Paul had finished all his works, he resolved himself to go up to Jerusalem, through Macedonia and Achaia: and when I am come there, I must also see Rome."""
950,The output shows the GC content in the percentage.
951,It looks like new.
952,Note that all C files have .c(dot C) extensions.
953,Sadhgati: One whose speed is the highest.
954,"So, I select the Clone Tool and change the size of the Brush."
955,"""That he might make known the infinite wisdom of God, which is now in the church unto the angels and rulers in heaven, in Christ Jesus."""
956,Kinda Leaf - This is a small tree which grows up to 6 meters tall. Its leaves are parallel and 10-12 in number.
957,"In the output, we see the Hello space World."
958,"In the prompt, type the date space plus percentage symbol as small as h and press Enter."
959,"""May the Lord have mercy on the household of Pontius Pilate, for he hath restored me."""
960,Browse the folder path at the bottom.
961,The feature of Ubuntu Linux OS is that there are many workspaces or desktop.
962,"In the new window that opens here, select the user name you want. I want the user name to be frontacc."
963,A message appears at the top saying Journal entry has been entered
964,Search for the correct image.
965,"""And in him we were given a new commandment, not of the written commandment, but of the Spirit: and the written commandment is death, but the Spirit is life."""
966,The data in the Level field now appears to be 2.
967,"It works in Linux, macOS and Windows."
968,---Add the audio @02:32 from the tutorial nstallation of FrontAccounting on Window OS timing 08:10 to 08:30---
969,The following five trees are famous for their divine qualities and their relationship with God.
970,"""Behold, I give you authority to tread under foot serpents, scorpions, and scorpions, and all power: and nothing shall hurt you."""
971,"""Inhale, inhale without any pressure. This breath should be filled normally."""
972,"""Did ye not read, that a man shall leave his father and mother, and be joined to his wife? and the two shall become one flesh?"""
973,"""And Zechariah said unto the angel, How shall I know this? for I am old, and my wife is old."""
974,So here we will list only the changes.
975,Fill in the fields in this section if you want students to automatically change their position.
976,"In the Home page, click on Cataloging."
977,While loop
978,The output of the ls command works as an input to the wc command.
979,"To connect the printer to the computer,"
980,"""And the rest of the people went to the land, to the sea, to the sea, to the sea, to the sea, to the sea, to the sea, and to the sea."""
981,"If all the conditions are false, the last Else section will be executed."
982,Select MMFF94 Force Field and press the Start button.
983,Bhutakar: One who is the Creator of all living beings.
984,"The name of the file, the name of the addressee, the name of the addressee, the name of the addressee, the name of the addressee, the name of the addressee, the name of the addressee, the name of the addressee, the name of the addressee."
985,"The next word is touch, shape and colour."
986,"In Coordination Compounds, we learnt about the geometry and the structure of nanotubes."
987,This prevents the heating of the machine.
988,The nostrils are in both eyes.
989,"In Bcc, we will write stlibreoffice@gmail.com and info@spoken-tutorial.org."
990,"Here, the first field is roll number and the student of the sixth field is stepand."
991,How to combine and remove blocks from the tutorial Blocks in Admin's Dashboard.
992,"""In many ancient Indian texts, there are rules for the safety and health of rice."""
993,"""Among whom also ye are, who have been called by Jesus Christ, and of the Gentiles, and of the Gentiles, and of the Gentiles, and of the Gentiles."""
994,"""Exhale deeply, exhale out loudly."""
995,"""Behold, the crow saith unto him, Thou shalt lie before me three times. But Peter, when he had said unto him, Jesus, went out, and mourned greatly."""
996,Patient gives thanks to the physician in case of illness.
997,"""Nathanael answered and said unto him, Can any good thing come out of Nazareth? Philip said unto him, See this man."""
998,And I pull it on the toolbox. It is here.
999,"The edit, hide, duplicate and delete settings of the resource are available at the following link."
1000,"""Expand the body slightly, close the eyes, rest the body completely."""
